,position,codon,mutation,median_DMSO,rep1_DMSO,rep2_DMSO,rep3_DMSO,median_MTX4,rep1_MTX4,rep2_MTX4,rep3_MTX4,median_MTX20,rep1_MTX20,rep2_MTX20,rep3_MTX20,dgr1_MTX,dgr2_MTX,dgr3_MTX,dgr1_DMSO,dgr2_DMSO,dgr3_DMSO
0,10,TAG,I10*,,,,,,,,,,,,,,,,,,
1,10,CAT,I10H,,,,,,,,,,,,,,,,,,
2,10,AGG,I10R,,,,,,,,,,,,,,,,,,
3,11,CAG,V11Q,,,,,,,,,,,,,,,,,,
4,11,CGG,V11R,,,,,,,,,,,,,,,,,,
5,19,CAT,I19H,,,,,,,,,,,,,,,,,,
6,19,CCT,I19P,,,,,,,,,,,,,,,,,,
7,27,TAG,W27* (TAG),,,,,,,,,,,,,,,,,,
8,27,TAA,W27* (TAA),0.049087036,0.050681268,0.012686363,0.049087036,,,,,,,,,,,,,,
9,33,TAG,M33* (TAG),,,,,,,,,,,,,,,,,,
10,33,TAA,M33* (TAA),0.0949191,0.0949191,0.045896921,0.109664366,,,,,,,,,,,,,,
11,33,CCG,M33P,,,,,,,,,,,,,,,,,,
12,33,TGG,M33W,,,,,,,,,,,,,,,,,,
13,33,TAT,M33Y,,,,,,,,,,,,,,,,,,
14,35,AAT,F35N,,,,,,,,,,,,,,,,,,
15,35,GAT,F35D,,,,,,,,,,,,,,,,,,
16,58,CAG,G58Q,,,,,,,,,,,,,,,,,,
17,58,GAT,G58D,,,,,,,,,,,,,,,,,,
18,58,TAG,G58*,,,,,,,,,,,,,,,,,,
19,110,TGG,D110W,,,,,,,,,,,,,,,,,,
20,110,ATG,D110M,,,,,,,,,,,,,,,,,,
21,111,GAG,S111E,,,,,,,,,,,,,,,,,,
22,111,GTT,S111V,,,,,,,,,,,,,,,,,,
23,123,CTG,I123L,,,,,,,,,,,,,,,,,,
24,123,AAG,I123K,,,,,,,,,,,,,,,,,,
25,124,GCG,G124A,,,,,,,,,,,,,,,,,,
26,124,TCT,G124S,,,,,,,,,,,,,,,,,,
27,124,CTG,G124L,,,,,,,,,,,,,,,,,,
28,124,TAA,G124* (TAA),0.042038008,0.042038008,0.135435763,0.015684574,,,,,,,,,,,,,,
29,124,TAG,G124* (TAG),,,,,,,,,,,,,,,,,,
30,126,CCG,G126P,,,,,,,,,,,,,,,,,,
31,126,ACG,G126T,,,,,,,,,,,,,,,,,,
32,126,TTG,G126L,,,,,,,,,,,,,,,,,,
33,129,TAT,C129Y,,,,,,,,,,,,,,,,,,
34,129,GAG,C129E,,,,,,,,,,,,,,,,,,
35,142,TGG,I142W,,,,,,,,,,,,,,,,,,
36,142,GGT,I142G,,,,,,,,,,,,,,,,,,
37,144,CCG,T144P,,,,,,,,,,,,,,,,,,
38,145,TAG,V145*,,,,,,,,,,,,,,,,,,
39,148,CCG,N148P,,,,,,,,,,,,,,,,,,
40,170,TAG,R170*,,,,,,,,,,,,,,,,,,
41,196,TTT,I196F,,,,,,,,,,,,,,,,,,
42,196,TGG,I196W,,,,,,,,,,,,,,,,,,
43,199,CCG,F199P,,,,,,,,,,,,,,,,,,
44,199,GAG,F199E,,,,,,,,,,,,,,,,,,
45,199,TAG,F199* (TAG),,,,,,,,,,,,,,,,,,
46,199,TAA,F199* (TAA),-0.033902837,-0.035344433,0.024564555,-0.033902837,,,,,,,,,,,,,,
47,32,TGG,D32W,,,,,,,,,,,,,,,,,,
